wavelength_A,throughput_smooth,throughput_std_smooth,throughput_mean_raw,n_configs
5580.0,0.09161,0.00743,0.08600,2
5585.0,0.09585,0.00737,0.09330,2
5590.0,0.10125,0.00732,0.10047,2
5595.0,0.10736,0.00726,0.10744,2
5600.0,0.11370,0.00721,0.11418,2
5605.0,0.11990,0.00716,0.12064,2
5610.0,0.12572,0.00711,0.12678,2
5615.0,0.13102,0.00707,0.13258,2
5620.0,0.13576,0.00703,0.13804,2
5625.0,0.14004,0.00700,0.13919,3
5630.0,0.14403,0.00698,0.14412,4
5635.0,0.14783,0.00696,0.14823,4
5640.0,0.15148,0.00694,0.15202,4
5645.0,0.15491,0.00694,0.15549,4
5650.0,0.15809,0.00693,0.15866,4
5655.0,0.16101,0.00693,0.16154,4
5660.0,0.16366,0.00694,0.16415,4
5665.0,0.16606,0.00694,0.16652,4
5670.0,0.16824,0.00695,0.16865,4
5675.0,0.17020,0.00695,0.17058,4
5680.0,0.17198,0.00695,0.17232,4
5685.0,0.17358,0.00695,0.17389,4
5690.0,0.17503,0.00695,0.17530,4
5695.0,0.17634,0.00694,0.17658,4
5700.0,0.17752,0.00693,0.17774,4
5705.0,0.17853,0.00692,0.17879,4
5710.0,0.17946,0.00691,0.17975,4
5715.0,0.18032,0.00689,0.18064,4
5720.0,0.18113,0.00687,0.18146,4
5725.0,0.18192,0.00685,0.18222,4
5730.0,0.18273,0.00683,0.18243,5
5735.0,0.18358,0.00680,0.18366,5
5740.0,0.18444,0.00678,0.18475,5
5745.0,0.18529,0.00677,0.18570,5
5750.0,0.18610,0.00675,0.18655,5
5755.0,0.18685,0.00674,0.18730,5
5760.0,0.18754,0.00673,0.18797,5
5765.0,0.18818,0.00673,0.18858,5
5770.0,0.18878,0.00674,0.18914,5
5775.0,0.18936,0.00675,0.18966,5
5780.0,0.18991,0.00677,0.19016,5
5785.0,0.19045,0.00680,0.19064,5
5790.0,0.19099,0.00684,0.19111,5
5795.0,0.19153,0.00688,0.19158,5
5800.0,0.19208,0.00693,0.19205,5
5805.0,0.19264,0.00700,0.19254,5
5810.0,0.19320,0.00707,0.19304,5
5815.0,0.19379,0.00715,0.19355,5
5820.0,0.19438,0.00724,0.19409,5
5825.0,0.19500,0.00733,0.19465,5
5830.0,0.19563,0.00744,0.19524,5
5835.0,0.19628,0.00754,0.19585,5
5840.0,0.19695,0.00766,0.19648,5
5845.0,0.19763,0.00778,0.19715,5
5850.0,0.19834,0.00790,0.19783,5
5855.0,0.19906,0.00802,0.19855,5
5860.0,0.19980,0.00814,0.19928,5
5865.0,0.20056,0.00826,0.20005,5
5870.0,0.20133,0.00838,0.20083,5
5875.0,0.20212,0.00850,0.20163,5
5880.0,0.20292,0.00861,0.20246,5
5885.0,0.20373,0.00872,0.20330,5
5890.0,0.20456,0.00882,0.20415,5
5895.0,0.20539,0.00892,0.20502,5
5900.0,0.20623,0.00901,0.20591,5
5905.0,0.20708,0.00910,0.20680,5
5910.0,0.20793,0.00918,0.20771,5
5915.0,0.20878,0.00925,0.20862,5
5920.0,0.20965,0.00933,0.20953,5
5925.0,0.21051,0.00939,0.21045,5
5930.0,0.21138,0.00946,0.21137,5
5935.0,0.21225,0.00952,0.21229,5
5940.0,0.21312,0.00957,0.21321,5
5945.0,0.21398,0.00963,0.21412,5
5950.0,0.21485,0.00968,0.21503,5
5955.0,0.21570,0.00973,0.21593,5
5960.0,0.21655,0.00978,0.21683,5
5965.0,0.21740,0.00983,0.21771,5
5970.0,0.21823,0.00988,0.21859,5
5975.0,0.21906,0.00993,0.21945,5
5980.0,0.21987,0.00998,0.22029,5
5985.0,0.22067,0.01003,0.22113,5
5990.0,0.22146,0.01008,0.22195,5
5995.0,0.22224,0.01012,0.22275,5
6000.0,0.22300,0.01017,0.22353,5
6005.0,0.22375,0.01022,0.22430,5
6010.0,0.22448,0.01027,0.22504,5
6015.0,0.22519,0.01031,0.22577,5
6020.0,0.22589,0.01036,0.22648,5
6025.0,0.22657,0.01040,0.22717,5
6030.0,0.22723,0.01044,0.22784,5
6035.0,0.22787,0.01047,0.22849,5
6040.0,0.22850,0.01050,0.22911,5
6045.0,0.22911,0.01053,0.22972,5
6050.0,0.22970,0.01056,0.23031,5
6055.0,0.23027,0.01058,0.23088,5
6060.0,0.23083,0.01059,0.23142,5
6065.0,0.23137,0.01060,0.23195,5
6070.0,0.23189,0.01060,0.23246,5
6075.0,0.23239,0.01060,0.23295,5
6080.0,0.23287,0.01059,0.23342,5
6085.0,0.23334,0.01057,0.23387,5
6090.0,0.23380,0.01055,0.23431,5
6095.0,0.23424,0.01052,0.23473,5
6100.0,0.23466,0.01048,0.23513,5
6105.0,0.23507,0.01044,0.23552,5
6110.0,0.23547,0.01038,0.23589,5
6115.0,0.23585,0.01033,0.23625,5
6120.0,0.23622,0.01026,0.23660,5
6125.0,0.23658,0.01019,0.23694,5
6130.0,0.23693,0.01012,0.23726,5
6135.0,0.23726,0.01004,0.23757,5
6140.0,0.23759,0.00995,0.23788,5
6145.0,0.23791,0.00986,0.23817,5
6150.0,0.23822,0.00977,0.23846,5
6155.0,0.23852,0.00967,0.23874,5
6160.0,0.23882,0.00957,0.23901,5
6165.0,0.23911,0.00947,0.23928,5
6170.0,0.23939,0.00936,0.23954,5
6175.0,0.23966,0.00926,0.23980,5
6180.0,0.23993,0.00915,0.24005,5
6185.0,0.24020,0.00905,0.24031,5
6190.0,0.24046,0.00894,0.24056,5
6195.0,0.24071,0.00884,0.24081,5
6200.0,0.24095,0.00875,0.24105,5
6205.0,0.24119,0.00866,0.24130,5
6210.0,0.24142,0.00858,0.24155,5
6215.0,0.24164,0.00851,0.24180,5
6220.0,0.24185,0.00845,0.24205,5
6225.0,0.24205,0.00841,0.24230,5
6230.0,0.24224,0.00838,0.24256,5
6235.0,0.24242,0.00836,0.24282,5
6240.0,0.24258,0.00837,0.24308,5
6245.0,0.24273,0.00839,0.24334,5
6250.0,0.24287,0.00844,0.24361,5
6255.0,0.24300,0.00851,0.24388,5
6260.0,0.24311,0.00859,0.24416,5
6265.0,0.24322,0.00870,0.24444,5
6270.0,0.24332,0.00883,0.24473,5
6275.0,0.24341,0.00897,0.24502,5
6280.0,0.24350,0.00913,0.24299,6
6285.0,0.24359,0.00930,0.24284,6
6290.0,0.24369,0.00948,0.24277,6
6295.0,0.24379,0.00966,0.24277,6
6300.0,0.24391,0.00985,0.24283,6
6305.0,0.24404,0.01003,0.24294,6
6310.0,0.24418,0.01021,0.24309,6
6315.0,0.24434,0.01038,0.24329,6
6320.0,0.24452,0.01054,0.24352,6
6325.0,0.24473,0.01068,0.24378,6
6330.0,0.24495,0.01081,0.24408,6
6335.0,0.24520,0.01092,0.24440,6
6340.0,0.24546,0.01102,0.24474,6
6345.0,0.24575,0.01109,0.24510,6
6350.0,0.24605,0.01115,0.24548,6
6355.0,0.24638,0.01119,0.24587,6
6360.0,0.24672,0.01122,0.24628,6
6365.0,0.24707,0.01124,0.24670,6
6370.0,0.24744,0.01124,0.24712,6
6375.0,0.24782,0.01122,0.24756,6
6380.0,0.24821,0.01120,0.24800,6
6385.0,0.24861,0.01118,0.24844,6
6390.0,0.24901,0.01114,0.24889,6
6395.0,0.24942,0.01110,0.24934,6
6400.0,0.24984,0.01106,0.24979,6
6405.0,0.25025,0.01101,0.25024,6
6410.0,0.25067,0.01097,0.25069,6
6415.0,0.25109,0.01092,0.25114,6
6420.0,0.25151,0.01087,0.25159,6
6425.0,0.25192,0.01083,0.25203,6
6430.0,0.25233,0.01079,0.25247,6
6435.0,0.25273,0.01075,0.25291,6
6440.0,0.25313,0.01072,0.25335,6
6445.0,0.25352,0.01069,0.25378,6
6450.0,0.25390,0.01067,0.25420,6
6455.0,0.25428,0.01065,0.25462,6
6460.0,0.25464,0.01064,0.25504,6
6465.0,0.25499,0.01065,0.25545,6
6470.0,0.25533,0.01066,0.25586,6
6475.0,0.25566,0.01068,0.25634,7
6480.0,0.25597,0.01071,0.25661,7
6485.0,0.25628,0.01076,0.25686,7
6490.0,0.25657,0.01082,0.25709,7
6495.0,0.25684,0.01089,0.25731,7
6500.0,0.25711,0.01098,0.25752,7
6505.0,0.25736,0.01107,0.25772,7
6510.0,0.25759,0.01118,0.25791,7
6515.0,0.25782,0.01131,0.25811,7
6520.0,0.25803,0.01144,0.25830,7
6525.0,0.25823,0.01158,0.25849,7
6530.0,0.25843,0.01173,0.25868,7
6535.0,0.25861,0.01190,0.25887,7
6540.0,0.25878,0.01206,0.25907,7
6545.0,0.25894,0.01223,0.25927,7
6550.0,0.25910,0.01241,0.25948,7
6555.0,0.25925,0.01258,0.25969,7
6560.0,0.25939,0.01276,0.25991,7
6565.0,0.25953,0.01294,0.26013,7
6570.0,0.25967,0.01311,0.26036,7
6575.0,0.25982,0.01328,0.26060,7
6580.0,0.25997,0.01344,0.25930,8
6585.0,0.26012,0.01360,0.25932,8
6590.0,0.26028,0.01375,0.25940,8
6595.0,0.26045,0.01389,0.25954,8
6600.0,0.26063,0.01402,0.25971,8
6605.0,0.26083,0.01414,0.25993,8
6610.0,0.26104,0.01425,0.26018,8
6615.0,0.26127,0.01435,0.26046,8
6620.0,0.26151,0.01444,0.26077,8
6625.0,0.26177,0.01452,0.26110,8
6630.0,0.26205,0.01458,0.26145,8
6635.0,0.26234,0.01464,0.26181,8
6640.0,0.26265,0.01469,0.26219,8
6645.0,0.26297,0.01472,0.26258,8
6650.0,0.26330,0.01475,0.26298,8
6655.0,0.26365,0.01477,0.26339,8
6660.0,0.26400,0.01478,0.26380,8
6665.0,0.26436,0.01479,0.26421,8
6670.0,0.26473,0.01479,0.26463,8
6675.0,0.26511,0.01479,0.26504,8
6680.0,0.26549,0.01479,0.26546,8
6685.0,0.26587,0.01479,0.26588,8
6690.0,0.26625,0.01478,0.26629,8
6695.0,0.26664,0.01477,0.26670,8
6700.0,0.26702,0.01477,0.26711,8
6705.0,0.26740,0.01476,0.26751,8
6710.0,0.26778,0.01476,0.26790,8
6715.0,0.26816,0.01475,0.26830,8
6720.0,0.26854,0.01475,0.26868,8
6725.0,0.26891,0.01475,0.26907,8
6730.0,0.26928,0.01475,0.26944,8
6735.0,0.26965,0.01476,0.26981,8
6740.0,0.27001,0.01476,0.27017,8
6745.0,0.27037,0.01477,0.27053,8
6750.0,0.27072,0.01478,0.27088,8
6755.0,0.27107,0.01479,0.27123,8
6760.0,0.27141,0.01480,0.27157,8
6765.0,0.27175,0.01481,0.27191,8
6770.0,0.27208,0.01483,0.27224,8
6775.0,0.27241,0.01484,0.27256,8
6780.0,0.27273,0.01486,0.27288,8
6785.0,0.27306,0.01487,0.27319,8
6790.0,0.27337,0.01489,0.27350,8
6795.0,0.27368,0.01491,0.27381,8
6800.0,0.27399,0.01492,0.27411,8
6805.0,0.27430,0.01494,0.27441,8
6810.0,0.27460,0.01495,0.27471,8
6815.0,0.27490,0.01497,0.27500,8
6820.0,0.27519,0.01498,0.27529,8
6825.0,0.27549,0.01499,0.27557,8
6830.0,0.27578,0.01500,0.27585,8
6835.0,0.27606,0.01501,0.27614,8
6840.0,0.27635,0.01502,0.27641,8
6845.0,0.27663,0.01503,0.27669,8
6850.0,0.27691,0.01503,0.27697,8
6855.0,0.27719,0.01503,0.27724,8
6860.0,0.27747,0.01503,0.27751,8
6865.0,0.27775,0.01503,0.27778,8
6870.0,0.27802,0.01502,0.27805,8
6875.0,0.27830,0.01502,0.27832,8
6880.0,0.27857,0.01501,0.27859,8
6885.0,0.27884,0.01499,0.27886,8
6890.0,0.27911,0.01498,0.27913,8
6895.0,0.27938,0.01496,0.27940,8
6900.0,0.27965,0.01494,0.27966,8
6905.0,0.27992,0.01491,0.27993,8
6910.0,0.28019,0.01489,0.28020,8
6915.0,0.28045,0.01486,0.28046,8
6920.0,0.28072,0.01483,0.28073,8
6925.0,0.28099,0.01479,0.28100,8
6930.0,0.28126,0.01475,0.28126,8
6935.0,0.28152,0.01471,0.28153,8
6940.0,0.28179,0.01467,0.28179,8
6945.0,0.28205,0.01463,0.28206,8
6950.0,0.28232,0.01458,0.28233,8
6955.0,0.28258,0.01453,0.28259,8
6960.0,0.28285,0.01448,0.28286,8
6965.0,0.28311,0.01442,0.28312,8
6970.0,0.28337,0.01436,0.28339,8
6975.0,0.28364,0.01431,0.28365,8
6980.0,0.28390,0.01425,0.28392,8
6985.0,0.28416,0.01418,0.28418,8
6990.0,0.28442,0.01412,0.28445,8
6995.0,0.28468,0.01405,0.28471,8
7000.0,0.28494,0.01399,0.28497,8
7005.0,0.28519,0.01392,0.28523,8
7010.0,0.28545,0.01385,0.28549,8
7015.0,0.28571,0.01378,0.28575,8
7020.0,0.28596,0.01371,0.28600,8
7025.0,0.28621,0.01363,0.28626,8
7030.0,0.28646,0.01356,0.28651,8
7035.0,0.28671,0.01349,0.28677,8
7040.0,0.28696,0.01341,0.28702,8
7045.0,0.28720,0.01334,0.28727,8
7050.0,0.28744,0.01326,0.28751,8
7055.0,0.28769,0.01318,0.28776,8
7060.0,0.28792,0.01311,0.28800,8
7065.0,0.28816,0.01303,0.28824,8
7070.0,0.28839,0.01295,0.28848,8
7075.0,0.28862,0.01288,0.28871,8
7080.0,0.28885,0.01280,0.28894,8
7085.0,0.28908,0.01272,0.28917,8
7090.0,0.28930,0.01265,0.28940,8
7095.0,0.28952,0.01257,0.28962,8
7100.0,0.28974,0.01249,0.28984,8
7105.0,0.28995,0.01241,0.29006,8
7110.0,0.29016,0.01234,0.29027,8
7115.0,0.29037,0.01226,0.29048,8
7120.0,0.29057,0.01218,0.29068,8
7125.0,0.29077,0.01211,0.29089,8
7130.0,0.29096,0.01203,0.29108,8
7135.0,0.29115,0.01195,0.29128,8
7140.0,0.29134,0.01187,0.29147,8
7145.0,0.29153,0.01180,0.29165,8
7150.0,0.29171,0.01172,0.29184,8
7155.0,0.29188,0.01164,0.29201,8
7160.0,0.29205,0.01156,0.29219,8
7165.0,0.29222,0.01149,0.29236,8
7170.0,0.29239,0.01141,0.29252,8
7175.0,0.29255,0.01133,0.29268,8
7180.0,0.29270,0.01125,0.29284,8
7185.0,0.29285,0.01117,0.29299,8
7190.0,0.29300,0.01109,0.29314,8
7195.0,0.29315,0.01101,0.29328,8
7200.0,0.29328,0.01093,0.29342,8
7205.0,0.29342,0.01084,0.29356,8
7210.0,0.29355,0.01076,0.29369,8
7215.0,0.29368,0.01068,0.29381,8
7220.0,0.29380,0.01060,0.29393,8
7225.0,0.29392,0.01051,0.29405,8
7230.0,0.29403,0.01043,0.29416,8
7235.0,0.29414,0.01034,0.29427,8
7240.0,0.29425,0.01025,0.29438,8
7245.0,0.29435,0.01017,0.29448,8
7250.0,0.29445,0.01008,0.29457,8
7255.0,0.29455,0.00999,0.29467,8
7260.0,0.29464,0.00990,0.29476,8
7265.0,0.29472,0.00981,0.29484,8
7270.0,0.29481,0.00973,0.29492,8
7275.0,0.29489,0.00964,0.29500,8
7280.0,0.29497,0.00955,0.29507,8
7285.0,0.29504,0.00946,0.29515,8
7290.0,0.29511,0.00937,0.29521,8
7295.0,0.29518,0.00928,0.29528,8
7300.0,0.29524,0.00919,0.29534,8
7305.0,0.29531,0.00911,0.29540,8
7310.0,0.29536,0.00902,0.29545,8
7315.0,0.29542,0.00893,0.29550,8
7320.0,0.29547,0.00885,0.29555,8
7325.0,0.29552,0.00877,0.29560,8
7330.0,0.29557,0.00869,0.29565,8
7335.0,0.29562,0.00861,0.29569,8
7340.0,0.29566,0.00853,0.29573,8
7345.0,0.29571,0.00845,0.29577,8
7350.0,0.29575,0.00838,0.29580,8
7355.0,0.29579,0.00831,0.29584,8
7360.0,0.29582,0.00824,0.29587,8
7365.0,0.29586,0.00818,0.29590,8
7370.0,0.29589,0.00812,0.29593,8
7375.0,0.29592,0.00806,0.29596,8
7380.0,0.29596,0.00801,0.29599,8
7385.0,0.29599,0.00796,0.29602,8
7390.0,0.29602,0.00791,0.29604,8
7395.0,0.29604,0.00787,0.29607,8
7400.0,0.29607,0.00783,0.29609,8
7405.0,0.29610,0.00779,0.29612,8
7410.0,0.29613,0.00776,0.29614,8
7415.0,0.29615,0.00774,0.29616,8
7420.0,0.29618,0.00772,0.29618,8
7425.0,0.29620,0.00770,0.29621,8
7430.0,0.29623,0.00769,0.29623,8
7435.0,0.29625,0.00768,0.29625,8
7440.0,0.29628,0.00768,0.29627,8
7445.0,0.29630,0.00768,0.29630,8
7450.0,0.29633,0.00768,0.29632,8
7455.0,0.29636,0.00769,0.29634,8
7460.0,0.29638,0.00770,0.29637,8
7465.0,0.29641,0.00771,0.29639,8
7470.0,0.29644,0.00773,0.29642,8
7475.0,0.29646,0.00775,0.29644,8
7480.0,0.29649,0.00777,0.29647,8
7485.0,0.29652,0.00780,0.29650,8
7490.0,0.29655,0.00782,0.29652,8
7495.0,0.29658,0.00785,0.29655,8
7500.0,0.29661,0.00788,0.29658,8
7505.0,0.29664,0.00792,0.29661,8
7510.0,0.29667,0.00795,0.29664,8
7515.0,0.29671,0.00798,0.29668,8
7520.0,0.29674,0.00801,0.29671,8
7525.0,0.29677,0.00805,0.29675,8
7530.0,0.29681,0.00808,0.29678,8
7535.0,0.29684,0.00811,0.29682,8
7540.0,0.29688,0.00814,0.29685,8
7545.0,0.29692,0.00817,0.29689,8
7550.0,0.29696,0.00820,0.29693,8
7555.0,0.29700,0.00822,0.29697,8
7560.0,0.29704,0.00824,0.29701,8
7565.0,0.29708,0.00826,0.29705,8
7570.0,0.29712,0.00828,0.29710,8
7575.0,0.29716,0.00829,0.29714,8
7580.0,0.29720,0.00830,0.29718,8
7585.0,0.29725,0.00831,0.29723,8
7590.0,0.29729,0.00831,0.29727,8
7595.0,0.29733,0.00831,0.29732,8
7600.0,0.29738,0.00830,0.29736,8
7605.0,0.29742,0.00829,0.29741,8
7610.0,0.29747,0.00827,0.29746,8
7615.0,0.29751,0.00825,0.29751,8
7620.0,0.29756,0.00823,0.29755,8
7625.0,0.29760,0.00819,0.29760,8
7630.0,0.29765,0.00816,0.29765,8
7635.0,0.29769,0.00812,0.29770,8
7640.0,0.29774,0.00807,0.29775,8
7645.0,0.29779,0.00802,0.29779,8
7650.0,0.29783,0.00796,0.29784,8
7655.0,0.29787,0.00790,0.29789,8
7660.0,0.29792,0.00784,0.29793,8
7665.0,0.29796,0.00777,0.29798,8
7670.0,0.29801,0.00769,0.29803,8
7675.0,0.29805,0.00761,0.29807,8
7680.0,0.29809,0.00753,0.29812,8
7685.0,0.29813,0.00744,0.29816,8
7690.0,0.29817,0.00735,0.29820,8
7695.0,0.29821,0.00725,0.29824,8
7700.0,0.29825,0.00716,0.29829,8
7705.0,0.29829,0.00706,0.29832,8
7710.0,0.29832,0.00695,0.29836,8
7715.0,0.29836,0.00685,0.29840,8
7720.0,0.29839,0.00675,0.29844,8
7725.0,0.29842,0.00664,0.29847,8
7730.0,0.29845,0.00654,0.29850,8
7735.0,0.29848,0.00643,0.29853,8
7740.0,0.29850,0.00633,0.29856,8
7745.0,0.29853,0.00623,0.29859,8
7750.0,0.29855,0.00613,0.29861,8
7755.0,0.29857,0.00604,0.29864,8
7760.0,0.29859,0.00595,0.29866,8
7765.0,0.29861,0.00587,0.29868,8
7770.0,0.29862,0.00579,0.29869,8
7775.0,0.29864,0.00572,0.29871,8
7780.0,0.29865,0.00566,0.29872,8
7785.0,0.29866,0.00561,0.29873,8
7790.0,0.29866,0.00556,0.29874,8
7795.0,0.29867,0.00553,0.29874,8
7800.0,0.29867,0.00550,0.29875,8
7805.0,0.29867,0.00549,0.29875,8
7810.0,0.29866,0.00548,0.29874,8
7815.0,0.29866,0.00549,0.29874,8
7820.0,0.29865,0.00551,0.29873,8
7825.0,0.29864,0.00554,0.29872,8
7830.0,0.29862,0.00559,0.29871,8
7835.0,0.29860,0.00564,0.29869,8
7840.0,0.29859,0.00570,0.29867,8
7845.0,0.29856,0.00578,0.29865,8
7850.0,0.29854,0.00587,0.29863,8
7855.0,0.29851,0.00597,0.29860,8
7860.0,0.29848,0.00607,0.29857,8
7865.0,0.29845,0.00619,0.29854,8
7870.0,0.29841,0.00632,0.29850,8
7875.0,0.29837,0.00645,0.29846,8
7880.0,0.29833,0.00659,0.29842,8
7885.0,0.29829,0.00674,0.29838,8
7890.0,0.29824,0.00689,0.29833,8
7895.0,0.29819,0.00705,0.29828,8
7900.0,0.29814,0.00721,0.29823,8
7905.0,0.29809,0.00738,0.29817,8
7910.0,0.29803,0.00755,0.29811,8
7915.0,0.29797,0.00772,0.29805,8
7920.0,0.29791,0.00789,0.29799,8
7925.0,0.29785,0.00807,0.29792,8
7930.0,0.29778,0.00824,0.29785,8
7935.0,0.29771,0.00842,0.29778,8
7940.0,0.29764,0.00859,0.29771,8
7945.0,0.29757,0.00876,0.29764,8
7950.0,0.29749,0.00893,0.29756,8
7955.0,0.29741,0.00910,0.29748,8
7960.0,0.29733,0.00926,0.29740,8
7965.0,0.29725,0.00942,0.29731,8
7970.0,0.29717,0.00958,0.29723,8
7975.0,0.29708,0.00973,0.29714,8
7980.0,0.29700,0.00988,0.29705,8
7985.0,0.29691,0.01002,0.29696,8
7990.0,0.29682,0.01016,0.29686,8
7995.0,0.29673,0.01030,0.29677,8
8000.0,0.29664,0.01043,0.29667,8
8005.0,0.29654,0.01055,0.29658,8
8010.0,0.29645,0.01067,0.29648,8
8015.0,0.29635,0.01078,0.29638,8
8020.0,0.29626,0.01089,0.29628,8
8025.0,0.29616,0.01099,0.29618,8
8030.0,0.29606,0.01109,0.29608,8
8035.0,0.29596,0.01118,0.29598,8
8040.0,0.29587,0.01126,0.29587,8
8045.0,0.29577,0.01134,0.29577,8
8050.0,0.29567,0.01141,0.29567,8
8055.0,0.29557,0.01148,0.29557,8
8060.0,0.29547,0.01154,0.29546,8
8065.0,0.29537,0.01160,0.29536,8
8070.0,0.29528,0.01166,0.29526,8
8075.0,0.29518,0.01170,0.29516,8
8080.0,0.29508,0.01175,0.29506,8
8085.0,0.29499,0.01179,0.29496,8
8090.0,0.29489,0.01182,0.29486,8
8095.0,0.29480,0.01186,0.29476,8
8100.0,0.29470,0.01189,0.29466,8
8105.0,0.29461,0.01191,0.29457,8
8110.0,0.29452,0.01193,0.29447,8
8115.0,0.29443,0.01195,0.29438,8
8120.0,0.29434,0.01197,0.29429,8
8125.0,0.29426,0.01199,0.29420,8
8130.0,0.29417,0.01200,0.29411,8
8135.0,0.29409,0.01201,0.29403,8
8140.0,0.29401,0.01202,0.29394,8
8145.0,0.29393,0.01203,0.29386,8
8150.0,0.29385,0.01204,0.29378,8
8155.0,0.29377,0.01205,0.29370,8
8160.0,0.29370,0.01205,0.29363,8
8165.0,0.29363,0.01206,0.29355,8
8170.0,0.29356,0.01207,0.29348,8
8175.0,0.29349,0.01208,0.29342,8
8180.0,0.29343,0.01209,0.29335,8
8185.0,0.29337,0.01209,0.29329,8
8190.0,0.29331,0.01211,0.29323,8
8195.0,0.29325,0.01212,0.29317,8
8200.0,0.29320,0.01213,0.29311,8
8205.0,0.29314,0.01214,0.29306,8
8210.0,0.29309,0.01216,0.29301,8
8215.0,0.29305,0.01217,0.29296,8
8220.0,0.29300,0.01219,0.29292,8
8225.0,0.29296,0.01221,0.29288,8
8230.0,0.29292,0.01223,0.29284,8
8235.0,0.29288,0.01225,0.29280,8
8240.0,0.29285,0.01227,0.29277,8
8245.0,0.29282,0.01229,0.29274,8
8250.0,0.29279,0.01231,0.29271,8
8255.0,0.29276,0.01233,0.29268,8
8260.0,0.29274,0.01236,0.29266,8
8265.0,0.29271,0.01238,0.29264,8
8270.0,0.29269,0.01240,0.29262,8
8275.0,0.29267,0.01243,0.29260,8
8280.0,0.29266,0.01245,0.29259,8
8285.0,0.29265,0.01247,0.29258,8
8290.0,0.29263,0.01249,0.29257,8
8295.0,0.29262,0.01251,0.29256,8
8300.0,0.29262,0.01253,0.29255,8
8305.0,0.29261,0.01254,0.29255,8
8310.0,0.29261,0.01256,0.29255,8
8315.0,0.29261,0.01257,0.29255,8
8320.0,0.29261,0.01258,0.29255,8
8325.0,0.29261,0.01259,0.29255,8
8330.0,0.29261,0.01259,0.29256,8
8335.0,0.29262,0.01259,0.29257,8
8340.0,0.29263,0.01258,0.29257,8
8345.0,0.29264,0.01258,0.29258,8
8350.0,0.29265,0.01257,0.29260,8
8355.0,0.29266,0.01255,0.29261,8
8360.0,0.29267,0.01253,0.29262,8
8365.0,0.29269,0.01251,0.29264,8
8370.0,0.29271,0.01248,0.29266,8
8375.0,0.29273,0.01245,0.29268,8
8380.0,0.29275,0.01241,0.29270,8
8385.0,0.29277,0.01237,0.29272,8
8390.0,0.29280,0.01232,0.29274,8
8395.0,0.29282,0.01227,0.29277,8
8400.0,0.29285,0.01221,0.29279,8
8405.0,0.29288,0.01215,0.29282,8
8410.0,0.29292,0.01209,0.29285,8
8415.0,0.29295,0.01202,0.29288,8
8420.0,0.29299,0.01195,0.29292,8
8425.0,0.29303,0.01187,0.29295,8
8430.0,0.29307,0.01179,0.29299,8
8435.0,0.29312,0.01170,0.29303,8
8440.0,0.29316,0.01161,0.29308,8
8445.0,0.29321,0.01152,0.29312,8
8450.0,0.29327,0.01143,0.29317,8
8455.0,0.29333,0.01133,0.29322,8
8460.0,0.29339,0.01123,0.29327,8
8465.0,0.29345,0.01113,0.29333,8
8470.0,0.29352,0.01103,0.29339,8
8475.0,0.29359,0.01092,0.29346,8
8480.0,0.29367,0.01082,0.29353,8
8485.0,0.29375,0.01071,0.29360,8
8490.0,0.29383,0.01060,0.29368,8
8495.0,0.29392,0.01050,0.29376,8
8500.0,0.29402,0.01039,0.29385,8
8505.0,0.29412,0.01028,0.29394,8
8510.0,0.29423,0.01018,0.29404,8
8515.0,0.29434,0.01008,0.29414,8
8520.0,0.29446,0.00997,0.29425,8
8525.0,0.29458,0.00988,0.29437,8
8530.0,0.29471,0.00978,0.29449,8
8535.0,0.29485,0.00969,0.29462,8
8540.0,0.29500,0.00960,0.29476,8
8545.0,0.29515,0.00951,0.29490,8
8550.0,0.29531,0.00943,0.29506,8
8555.0,0.29548,0.00936,0.29522,8
8560.0,0.29566,0.00929,0.29539,8
8565.0,0.29584,0.00922,0.29556,8
8570.0,0.29604,0.00917,0.29575,8
8575.0,0.29624,0.00911,0.29595,8
8580.0,0.29645,0.00907,0.29615,8
8585.0,0.29667,0.00903,0.29637,8
8590.0,0.29690,0.00899,0.29659,8
8595.0,0.29714,0.00897,0.29683,8
8600.0,0.29739,0.00895,0.29708,8
8605.0,0.29765,0.00894,0.29733,8
8610.0,0.29792,0.00894,0.29760,8
8615.0,0.29819,0.00894,0.29788,8
8620.0,0.29848,0.00895,0.29816,8
8625.0,0.29878,0.00897,0.29846,8
8630.0,0.29908,0.00900,0.29877,8
8635.0,0.29940,0.00903,0.29909,8
8640.0,0.29972,0.00907,0.29942,8
8645.0,0.30005,0.00912,0.29976,8
8650.0,0.30039,0.00917,0.30011,8
8655.0,0.30074,0.00923,0.30047,8
8660.0,0.30110,0.00929,0.30084,8
8665.0,0.30146,0.00936,0.30121,8
8670.0,0.30183,0.00943,0.30160,8
8675.0,0.30221,0.00951,0.30199,8
8680.0,0.30259,0.00959,0.30240,8
8685.0,0.30298,0.00967,0.30281,8
8690.0,0.30337,0.00975,0.30322,8
8695.0,0.30377,0.00983,0.30364,8
8700.0,0.30417,0.00991,0.30407,8
8705.0,0.30457,0.00999,0.30450,8
8710.0,0.30497,0.01007,0.30493,8
8715.0,0.30538,0.01015,0.30537,8
8720.0,0.30578,0.01022,0.30580,8
8725.0,0.30618,0.01029,0.30624,8
8730.0,0.30658,0.01036,0.30667,8
8735.0,0.30698,0.01042,0.30711,8
8740.0,0.30737,0.01048,0.30753,8
8745.0,0.30776,0.01053,0.30796,8
8750.0,0.30814,0.01058,0.30838,8
8755.0,0.30852,0.01063,0.30879,8
8760.0,0.30889,0.01067,0.30919,8
8765.0,0.30925,0.01070,0.30958,8
8770.0,0.30960,0.01074,0.30996,8
8775.0,0.30994,0.01077,0.31033,8
8780.0,0.31027,0.01080,0.31068,8
8785.0,0.31059,0.01084,0.31102,8
8790.0,0.31090,0.01087,0.31135,8
8795.0,0.31121,0.01091,0.31165,8
8800.0,0.31150,0.01095,0.31194,8
8805.0,0.31178,0.01100,0.31222,8
8810.0,0.31206,0.01105,0.31247,8
8815.0,0.31233,0.01111,0.31271,8
8820.0,0.31260,0.01117,0.31292,8
8825.0,0.31288,0.01125,0.31312,8
8830.0,0.31315,0.01133,0.31330,8
8835.0,0.31344,0.01142,0.31347,8
8840.0,0.31374,0.01152,0.31362,8
8845.0,0.31406,0.01162,0.31376,8
8850.0,0.31440,0.01172,0.31388,8
8855.0,0.31477,0.01183,0.31400,8
8860.0,0.31518,0.01194,0.31412,8
8865.0,0.31563,0.01205,0.31423,8
8870.0,0.31612,0.01215,0.31434,8
8875.0,0.31665,0.01225,0.31447,8
8880.0,0.31723,0.01234,0.31461,8
8885.0,0.31786,0.01242,0.31477,8
8890.0,0.31853,0.01250,0.31496,8
8895.0,0.31925,0.01257,0.31519,8
8900.0,0.31999,0.01264,0.31547,8
8905.0,0.32077,0.01270,0.31581,8
8910.0,0.32156,0.01276,0.31623,8
8915.0,0.32237,0.01282,0.32370,5
8920.0,0.32317,0.01288,0.32808,4
8925.0,0.32397,0.01295,0.32853,4
8930.0,0.32476,0.01303,0.32895,4
8935.0,0.32552,0.01311,0.32934,4
8940.0,0.32626,0.01321,0.32968,4
8945.0,0.32697,0.01332,0.32998,4
8950.0,0.32765,0.01343,0.33024,4
8955.0,0.32830,0.01355,0.33044,4
8960.0,0.32894,0.01366,0.33059,4
8965.0,0.32955,0.01378,0.33069,4
8970.0,0.33015,0.01388,0.33072,4
8975.0,0.33075,0.01396,0.33069,4
8980.0,0.33136,0.01401,0.33059,4
8985.0,0.33198,0.01403,0.33043,4
8990.0,0.33261,0.01402,0.33019,4
8995.0,0.33327,0.01396,0.32989,4
9000.0,0.33396,0.01385,0.32951,4
9005.0,0.33468,0.01369,0.32905,4
9010.0,0.33542,0.01348,0.32852,4
9015.0,0.33619,0.01323,0.32792,4
9020.0,0.33697,0.01293,0.34069,3
9025.0,0.33777,0.01259,0.34122,3
9030.0,0.33858,0.01221,0.34174,3
9035.0,0.33939,0.01181,0.34226,3
9040.0,0.34018,0.01139,0.34277,3
9045.0,0.34097,0.01095,0.34327,3
9050.0,0.34173,0.01051,0.34377,3
9055.0,0.34247,0.01006,0.34426,3
9060.0,0.34318,0.00962,0.34474,3
9065.0,0.34385,0.00919,0.34521,3
9070.0,0.34449,0.00877,0.34567,3
9075.0,0.34509,0.00836,0.34612,3
9080.0,0.34566,0.00797,0.34656,3
9085.0,0.34620,0.00760,0.34699,3
9090.0,0.34670,0.00725,0.34741,3
9095.0,0.34717,0.00691,0.34782,3
9100.0,0.34761,0.00659,0.34822,3
9105.0,0.34803,0.00630,0.34860,3
9110.0,0.34842,0.00602,0.34897,3
9115.0,0.34879,0.00576,0.34932,3
9120.0,0.34913,0.00553,0.34966,3
9125.0,0.34946,0.00532,0.34998,3
9130.0,0.34976,0.00513,0.35029,3
9135.0,0.35005,0.00497,0.35059,3
9140.0,0.35032,0.00483,0.35086,3
9145.0,0.35057,0.00473,0.35113,3
9150.0,0.35080,0.00465,0.35137,3
9155.0,0.35102,0.00460,0.35159,3
9160.0,0.35121,0.00458,0.35180,3
9165.0,0.35139,0.00459,0.35199,3
9170.0,0.35155,0.00463,0.35216,3
9175.0,0.35169,0.00470,0.35231,3
9180.0,0.35181,0.00479,0.35244,3
9185.0,0.35191,0.00492,0.35255,3
9190.0,0.35199,0.00506,0.35264,3
9195.0,0.35205,0.00523,0.35271,3
9200.0,0.35209,0.00542,0.35276,3
9205.0,0.35211,0.00563,0.35278,3
9210.0,0.35211,0.00585,0.35279,3
9215.0,0.35209,0.00608,0.35277,3
9220.0,0.35205,0.00633,0.35273,3
9225.0,0.35198,0.00658,0.35267,3
9230.0,0.35190,0.00683,0.35259,3
9235.0,0.35179,0.00709,0.35249,3
9240.0,0.35167,0.00734,0.35236,3
9245.0,0.35152,0.00759,0.35221,3
9250.0,0.35135,0.00783,0.35204,3
9255.0,0.35117,0.00807,0.35185,3
9260.0,0.35096,0.00830,0.35163,3
9265.0,0.35073,0.00851,0.35139,3
9270.0,0.35048,0.00871,0.35114,3
9275.0,0.35021,0.00890,0.35086,3
9280.0,0.34992,0.00907,0.35056,3
9285.0,0.34961,0.00922,0.35023,3
9290.0,0.34928,0.00935,0.34989,3
9295.0,0.34894,0.00947,0.34953,3
9300.0,0.34857,0.00956,0.34915,3
9305.0,0.34819,0.00963,0.34875,3
9310.0,0.34779,0.00968,0.34833,3
9315.0,0.34738,0.00971,0.34790,3
9320.0,0.34695,0.00972,0.34745,3
9325.0,0.34650,0.00970,0.34698,3
9330.0,0.34604,0.00966,0.34649,3
9335.0,0.34557,0.00959,0.34599,3
9340.0,0.34509,0.00951,0.34548,3
9345.0,0.34459,0.00939,0.34496,3
9350.0,0.34408,0.00926,0.34442,3
9355.0,0.34356,0.00910,0.34387,3
9360.0,0.34303,0.00892,0.34331,3
9365.0,0.34249,0.00872,0.34275,3
9370.0,0.34195,0.00849,0.34217,3
9375.0,0.34140,0.00825,0.34159,3
9380.0,0.34084,0.00799,0.34100,3
9385.0,0.34027,0.00772,0.34041,3
9390.0,0.33970,0.00743,0.33981,3
9395.0,0.33913,0.00713,0.33921,3
9400.0,0.33855,0.00682,0.33861,3
9405.0,0.33798,0.00651,0.33801,3
9410.0,0.33740,0.00620,0.33740,3
9415.0,0.33681,0.00589,0.33680,3
9420.0,0.33623,0.00560,0.33620,3
9425.0,0.33565,0.00532,0.33560,3
9430.0,0.33507,0.00506,0.33501,3
9435.0,0.33449,0.00483,0.33441,3
9440.0,0.33391,0.00464,0.33383,3
9445.0,0.33334,0.00448,0.33324,3
9450.0,0.33276,0.00436,0.33267,3
9455.0,0.33220,0.00429,0.33209,3
9460.0,0.33163,0.00426,0.33152,3
9465.0,0.33108,0.00428,0.33096,3
9470.0,0.33053,0.00435,0.33040,3
9475.0,0.33000,0.00447,0.32984,3
9480.0,0.32948,0.00463,0.32928,3
9485.0,0.32898,0.00482,0.32873,3
9490.0,0.32850,0.00504,0.32817,3
9495.0,0.32805,0.00528,0.32762,3
9500.0,0.32763,0.00553,0.32705,3
9505.0,0.32725,0.00577,0.32649,3
9510.0,0.32691,0.00600,0.32591,3
9515.0,0.32661,0.00621,0.32532,3
9520.0,0.32637,0.00637,0.32471,3
9525.0,0.32618,0.00649,0.32409,3
9530.0,0.32605,0.00656,0.32344,3
9535.0,0.32597,0.00657,0.32276,3
9540.0,0.32594,0.00651,0.32204,3
9545.0,0.32597,0.00639,0.32129,3
9550.0,0.32605,0.00620,0.32049,3
9555.0,0.32616,0.00597,0.31964,3
9560.0,0.32631,0.00568,0.31872,3
9565.0,0.32648,0.00536,0.33046,2
9570.0,0.32667,0.00500,0.33044,2
9575.0,0.32686,0.00464,0.33039,2
9580.0,0.32704,0.00427,0.33033,2
9585.0,0.32720,0.00391,0.33026,2
9590.0,0.32733,0.00356,0.33015,2
9595.0,0.32743,0.00325,0.33003,2
9600.0,0.32749,0.00297,0.32988,2
9605.0,0.32750,0.00274,0.32970,2
9610.0,0.32746,0.00255,0.32949,2
9615.0,0.32736,0.00240,0.32925,2
9620.0,0.32721,0.00231,0.32898,2
9625.0,0.32700,0.00225,0.32867,2
9630.0,0.32674,0.00224,0.32832,2
9635.0,0.32642,0.00227,0.32793,2
9640.0,0.32606,0.00234,0.32750,2
9645.0,0.32564,0.00243,0.32703,2
9650.0,0.32518,0.00254,0.32652,2
9655.0,0.32467,0.00267,0.32596,2
9660.0,0.32413,0.00282,0.32536,2
9665.0,0.32354,0.00297,0.32472,2
9670.0,0.32293,0.00313,0.32404,2
9675.0,0.32228,0.00328,0.32331,2
9680.0,0.32160,0.00342,0.32255,2
9685.0,0.32089,0.00355,0.32174,2
9690.0,0.32016,0.00366,0.32091,2
9695.0,0.31940,0.00375,0.32004,2
9700.0,0.31863,0.00382,0.31914,2
9705.0,0.31783,0.00385,0.31821,2
9710.0,0.31701,0.00386,0.31727,2
9715.0,0.31617,0.00384,0.31632,2
9720.0,0.31531,0.00378,0.31535,2
9725.0,0.31443,0.00369,0.31439,2
9730.0,0.31351,0.00357,0.31344,2
9735.0,0.31257,0.00342,0.31251,2
9740.0,0.31158,0.00324,0.31160,2
9745.0,0.31055,0.00304,0.31073,2
9750.0,0.30947,0.00282,0.30992,2
9755.0,0.30833,0.00259,0.30918,2
9760.0,0.30714,0.00236,0.31192,1
9765.0,0.30587,0.00212,0.31049,1
9770.0,0.30453,0.00188,0.30898,1
9775.0,0.30311,0.00165,0.30738,1
9780.0,0.30161,0.00143,0.30570,1
9785.0,0.30004,0.00123,0.30393,1
9790.0,0.29839,0.00104,0.30207,1
9795.0,0.29666,0.00087,0.30011,1
9800.0,0.29487,0.00071,0.29805,1
9805.0,0.29303,0.00058,0.29589,1
9810.0,0.29114,0.00047,0.29361,1
9815.0,0.28922,0.00037,0.29122,1
9820.0,0.28728,0.00029,0.28870,1
9825.0,0.28534,0.00022,0.28606,1
9830.0,0.28343,0.00017,0.28328,1
9835.0,0.28155,0.00013,0.28037,1
9840.0,0.27972,0.00009,0.27730,1
9845.0,0.27796,0.00007,0.27408,1
9850.0,0.27629,0.00005,0.27070,1
9855.0,0.27471,0.00004,0.26715,1
9860.0,0.27325,0.00002,0.26371,1
