grating,cw,slicer,night,setup,star,npix,disp,blue_px,red_px,blue_A,red_A,fitcut_blue_A,fitcut_red_A,par_blue,par_red,par_ok,deliv_lo,deliv_hi,sens_lo,sens_hi,fit_lo,fit_hi,tag
RL,7150,Medium,2024-07-06,C,feige110,2311,1.84375,265,264,486.8163379495527,485.0494443478383,0.3002403797172519,0.7133144850522513,264,263,True,5142.61572265625,9401.9560546875,5629.432060605803,8916.906610339662,5629.73230098552,8916.19329585461,feige110_2024-07-06_C
RL,7150,Large,2024-11-01,C,feige110,2287,1.84423828125,241,239,442.6312492992247,439.0743043548355,1.9340258751662986,2.376225408508617,240,238,True,5135.39697265625,9351.2265625,5578.028221955475,8912.152258145165,5579.962247830641,8909.776032736656,feige110_2024-11-01_C
RL,7150,Large,2024-12-04,B,feige110,2288,1.84423828125,241,239,442.6950447554045,438.97203010520207,6.993739636231112,3.326715581373719,240,238,True,5133.99462890625,9351.599609375,5576.6896736616545,8912.627579269798,5583.683413297886,8909.300863688424,feige110_2024-12-04_B
RL,7150,Medium,2024-12-04,C,feige110,2311,1.84423828125,264,263,485.1399038528016,483.2062342726713,0.0,2.614510200852237,263,262,True,5137.69091796875,9397.7353515625,5622.830821821552,8914.529117289829,5622.830821821552,8911.914607088976,feige110_2024-12-04_C
RL,7250,Medium,2023-11-10,B,feige110,2311,1.84423828125,265,263,486.93732713437294,483.1774639693431,1.2220245350181358,10.814457566370038,264,262,True,5240.76806640625,9500.75390625,5727.705393540623,9017.576442280657,5728.927418075641,9006.761984714287,feige110_2023-11-10_B
RL,7800,Medium,2024-07-06,B,feige110,2308,1.8408203125,263,261,482.41283160342755,478.6741383156277,1.5065527401548024,1.7848434599727625,262,260,True,5794.220703125,10041.35546875,6276.633534728428,9562.681330434372,6278.140087468582,9560.8964869744,feige110_2024-07-06_B
RL,8000,Medium,2024-12-28,B,feige110,2307,1.8408203125,262,260,480.5828643539953,476.8109275057668,0.0,1.301023860283749,261,259,True,5990.650390625,10235.2705078125,6471.233254978995,9758.459580306733,6471.233254978995,9757.15855644645,feige110_2024-12-28_B
RL,8100,Medium,2023-11-08,B,feige110,2307,1.83935546875,262,260,480.2328120163738,476.6157817694566,0.17535412498637015,3.943454161608315,261,259,True,6095.546875,10337.3544921875,6575.779687016374,9860.738710418043,6575.95504114136,9856.795256256435,feige110_2023-11-08_B
RM1,6130,Small,2024-04-01,A,feige34,4584,0.35791015625,543,478,194.11221511141684,170.86047786501786,3.9889633853181294,0.0,542,477,True,5344.1943359375,6985.31494140625,5538.306551048917,6814.454463541232,5542.295514434235,6814.454463541232,feige34_2024-04-01_A
RM1,6200,Large,2024-05-02,B,feige34,2266,0.71435546875,221,209,157.3445213417699,148.7322890815467,0.0,0.0,220,208,True,5407.90625,7026.3515625,5565.25077134177,6877.619273418453,5565.25077134177,6877.619273418453,feige34_2024-05-02_B
RM1,6300,Large,2024-03-15,B,feige34,2255,0.712890625,210,207,149.06807719806602,146.911556554689,0.0,0.0,209,206,True,5516.8095703125,7124.09765625,5665.877647510566,6977.186099695311,5665.877647510566,6977.186099695311,feige34_2024-03-15_B
RM1,6480,Large,2023-12-09,B,feige34,2252,0.7099609375,208,205,146.96046462479717,144.95363051875847,0.0,0.0,207,204,True,5702.06298828125,7299.81494140625,5849.023452906047,7154.8613108874915,5849.023452906047,7154.8613108874915,feige34_2023-12-09_B
RM1,6630,Large,2023-12-10,C,feige34,2252,0.70703125,207,205,145.78088992238736,144.31551885725185,0.0,0.0,206,204,True,5853.78857421875,7445.27001953125,5999.569464141137,7300.954500673998,5999.569464141137,7300.954500673998,feige34_2023-12-10_C
RM1,6630,Large,2023-12-11,C,feige34,2252,0.70703125,208,205,146.5076329948497,144.37411260725185,0.0,0.0,207,204,True,5853.86181640625,7445.32861328125,6000.3694494011,7300.954500673998,6000.3694494011,7300.954500673998,feige34_2023-12-11_C
RM1,7390,Small,2024-04-01,B,feige34,4556,0.345703125,455,449,156.97380172954126,154.94500685027742,0.0,0.0,454,448,True,6628.64892578125,8203.107421875,6785.622727510791,8048.162415024723,6785.622727510791,8048.162415024723,feige34_2024-04-01_B
RM1,7510,Large,2023-12-10,B,feige34,2241,0.6884765625,196,194,134.33595352104203,133.01024646132464,0.0,0.0,195,193,True,6752.45947265625,8294.85546875,6886.795426177292,8161.845222288675,6886.795426177292,8161.845222288675,feige34_2023-12-10_B
RM1,7510,Large,2023-12-11,B,feige34,2241,0.6884765625,197,194,135.0862731352745,132.9049019428967,0.0,0.0,196,193,True,6752.62744140625,8294.9677734375,6887.7137145415245,8162.062871494603,6887.7137145415245,8162.062871494603,feige34_2023-12-11_B
RM2,7750,Small,2024-05-09,A,feige34,4601,0.4970703125,499,494,247.6720257789775,245.32489193025322,0.0,0.0,498,493,True,6678.9052734375,8966.576171875,6926.5772992164775,8721.251279944747,6926.5772992164775,8721.251279944747,feige34_2024-05-09_A
RM2,8850,Small,2024-06-10,A,feige110,4551,0.48828125,513,423,250.22326966756827,206.17600011888499,0.0,0.0,512,422,True,7778.64697265625,10001.134765625,8028.870242323818,9794.958765506115,8028.870242323818,9794.958765506115,feige110_2024-06-10_A
RM2,8850,Small,2024-12-24,A,feige34,4625,0.48828125,510,470,248.6554844268867,229.14713981371824,0.0,0.0,509,469,True,7778.2880859375,10035.34375,8026.943570364387,9806.196610186282,8026.943570364387,9806.196610186282,feige34_2024-12-24_A
RM2,8900,Medium,2024-01-04,B,feige34,2299,0.9755859375,252,233,244.81427031193653,226.50708416047928,0.0,0.0,251,232,True,7835.8203125,10076.99609375,8080.6345828119365,9850.48900958952,8080.6345828119365,9850.48900958952,feige34_2024-01-04_B
RM2,8900,Medium,2024-04-30,B,feige34,2298,0.9755859375,251,233,244.08953203583496,226.46973406184043,0.0,0.0,250,232,True,7834.60595703125,10075.3828125,8078.695489067085,9848.91307843816,8078.695489067085,9848.91307843816,feige34_2024-04-30_B
RM2,8950,Medium,2024-06-11,B,feige34,2294,0.974609375,248,234,240.91677085025913,227.12956548638795,0.0,0.0,247,233,True,7888.9970703125,10123.6943359375,8129.913841162759,9896.564770451112,8129.913841162759,9896.564770451112,feige34_2024-06-11_B
RM2,8950,Medium,2025-01-01,B,feige34,2295,0.97509765625,249,233,241.84258430405498,226.32948438954554,0.0,0.0,248,232,True,7887.4208984375,10124.2138671875,8129.263482741555,9897.884382797954,8129.263482741555,9897.884382797954,feige34_2025-01-01_B
RM2,8950,Medium,2025-01-02,B,feige34,2294,0.9755859375,248,233,240.96125894392026,226.27675001454554,0.0,0.0,247,232,True,7888.08544921875,10124.1611328125,8129.04670816267,9897.884382797954,8129.04670816267,9897.884382797954,feige34_2025-01-02_B
RH1,6140,Large,2023-11-17,B,feige34,2183,0.30859375,139,136,42.5900331079838,41.81242332776583,0.0,0.0,138,135,True,5797.39404296875,6470.73388671875,5839.984076076734,6428.921463390984,5839.984076076734,6428.921463390984,feige34_2023-11-17_B
RH1,6200,Large,2023-09-16,B,g191b2b,2180,0.3056640625,136,133,41.341896447499494,40.45012283647793,0.0,0.0,135,132,True,5860.953125,6526.7138671875,5902.2950214474995,6486.263744351022,5902.2950214474995,6486.263744351022,g191b2b_2023-09-16_B
RH1,6520,Large,2023-10-15,B,g191b2b,2172,0.2890625,126,127,36.160028174921536,36.55192782693484,0.0,0.0,125,126,True,6196.109375,6823.44140625,6232.2694031749215,6786.889478423065,6232.2694031749215,6786.889478423065,G191B2b_2023-10-15_B_v1
RH1,6520,Large,2023-10-15,B,g191b2b,2172,0.2890625,126,127,36.167352393671536,36.54411532693484,0.0,0.0,125,126,True,6196.10205078125,6823.43359375,6232.2694031749215,6786.889478423065,6232.2694031749215,6786.889478423065,G191B2b_2023-10-15_B_v2
RH1,6520,Large,2023-10-16,B,g191b2b,2175,0.28759765625,121,127,34.559132181922905,36.396334732508876,0.0,0.0,120,126,True,6197.87646484375,6823.466796875,6232.435597025673,6787.070462142491,6232.435597025673,6787.070462142491,g191b2b_2023-10-16_B_v1
RH1,6520,Large,2023-10-16,B,g191b2b,2175,0.28759765625,121,127,34.566944681922905,36.388033951258876,0.0,0.0,120,126,True,6197.86865234375,6823.45849609375,6232.435597025673,6787.070462142491,6232.435597025673,6787.070462142491,g191b2b_2023-10-16_B_v2
RH1,6520,Large,2023-10-17,C,g191b2b,2171,0.2890625,127,127,36.46458827701008,36.60173251443484,0.0,0.0,126,126,True,6196.13720703125,6823.4912109375,6232.60179530826,6786.889478423065,6232.60179530826,6786.889478423065,g191b2b_2023-10-17_C_v1
RH1,6520,Large,2023-10-17,C,g191b2b,2171,0.2890625,127,127,36.47240077701008,36.59294345193484,0.0,0.0,126,126,True,6196.12939453125,6823.482421875,6232.60179530826,6786.889478423065,6232.60179530826,6786.889478423065,g191b2b_2023-10-17_C_v2
RH1,6520,Large,2023-10-20,B,g191b2b,2170,0.2890625,126,126,36.298878275672905,36.26872470193484,0.0,0.0,125,125,True,6196.13671875,6823.158203125,6232.435597025673,6786.889478423065,6232.435597025673,6786.889478423065,g191b2b_2023-10-20_B_v1
RH1,6520,Large,2023-10-20,B,g191b2b,2170,0.2890625,126,126,36.138543799921536,36.26188876443484,0.0,0.0,125,125,True,6196.130859375,6823.1513671875,6232.2694031749215,6786.889478423065,6232.2694031749215,6786.889478423065,g191b2b_2023-10-20_B_v2
RH1,6600,Large,2023-11-17,C,feige34,2179,0.28466796875,126,132,35.67617444201278,37.38975257943275,0.0,0.0,125,131,True,6279.740234375,6899.62060546875,6315.416408817013,6862.230852889317,6315.416408817013,6862.230852889317,feige34_2023-11-17_C
RH1,6680,Small,2023-11-08,A,g191b2b,4496,0.14013671875,369,382,51.54053561320325,53.49247067782471,0.0,0.0,368,381,True,6354.10791015625,6983.580078125,6405.648445769453,6930.087607447175,6405.648445769453,6930.087607447175,g191b2b_2023-11-08_A_v1
RH1,6680,Small,2023-11-08,A,g191b2b,4496,0.14013671875,369,382,51.54785983195325,53.48416989657471,0.0,0.0,368,381,True,6354.1005859375,6983.57177734375,6405.648445769453,6930.087607447175,6405.648445769453,6930.087607447175,g191b2b_2023-11-08_A_v2
RH2,6750,Medium,2024-10-29,B,feige110,2234,0.39013671875,171,207,66.47788184478668,80.46951513670138,0.0,0.0,170,206,True,6341.0498046875,7212.47216796875,6407.527686532287,7132.002652832049,6407.527686532287,7132.002652832049,feige110_2024-10-29_B
RH2,6750,Medium,2024-11-06,B,feige110,2246,0.3896484375,165,226,63.96104001276035,87.73339519436922,0.0,0.0,164,225,True,6340.66259765625,7215.55322265625,6404.62363766901,7127.819827461881,6404.62363766901,7127.819827461881,feige110_2024-11-06_B
RH2,6750,Medium,2024-11-07,B,feige110,2259,0.39111328125,169,235,65.76750835999428,91.5590959593992,0.0,0.0,168,234,True,6341.41845703125,7224.13232421875,6407.185965391244,7132.573228259351,6407.185965391244,7132.573228259351,feige110_2024-11-07_B
RH2,6900,Large,2023-11-17,B,feige110,2195,0.37109375,150,252,55.31939514755504,93.25899477501662,0.0,0.0,149,251,True,6488.10009765625,7302.126953125,6543.419492803805,7208.867958349983,6543.419492803805,7208.867958349983,feige110_2023-11-17_B
RH2,6950,Large,2023-09-16,C,g191b2b,2194,0.36865234375,150,147,55.02051334130738,53.85938781454297,0.0,0.0,149,146,True,6541.6591796875,7350.33740234375,6596.679693028807,7296.478014529207,6596.679693028807,7296.478014529207,g191b2b_2023-09-16_C
RH2,7100,Large,2023-09-16,B,g191b2b,2189,0.36181640625,144,142,51.88152426675879,51.19991094272973,0.0,0.0,143,141,True,6698.72802734375,7490.9072265625,6750.609551610509,7439.70731561977,6750.609551610509,7439.70731561977,g191b2b_2023-09-16_B
RH2,7100,Large,2023-11-07,B,feige110,2189,0.3623046875,144,142,51.79019984182378,51.172867865252556,0.0,0.0,143,141,True,6697.37939453125,7489.68994140625,6749.169594373074,7438.517073540997,6749.169594373074,7438.517073540997,feige110_2023-11-07_B
RH2,7100,Large,2023-11-17,C,feige110,2195,0.36083984375,172,142,61.82111239550977,51.097297249825715,0.0,0.0,171,141,True,6697.25439453125,7489.416015625,6759.07550692676,7438.318718375174,6759.07550692676,7438.318718375174,feige110_2023-11-17_C
RH3,8400,Medium,2024-10-01,B,g191b2b,2244,0.41357421875,209,182,86.22441236075429,74.92990289119734,0.0,0.0,208,181,True,7923.39990234375,8851.2392578125,8009.624314704504,8776.309354921303,8009.624314704504,8776.309354921303,g191b2b_2024-10-01_B
RH3,8600,Medium,2023-11-12,B,feige110,2224,0.404296875,180,177,72.48189015983189,71.36660037175534,4.379355403747468,0.0,179,176,True,8136.7294921875,9036.4345703125,8209.211382347332,8965.067969940745,8213.59073775108,8965.067969940745,feige110_2023-11-12_B
RH3,8600,Medium,2024-10-29,B,feige110,2221,0.404296875,177,177,71.31005155490493,71.35427537259602,5.255086376264444,0.2390429802599101,176,176,True,8137.24462890625,9035.705078125,8208.554680461155,8964.350802752404,8213.80976683742,8964.111759772144,feige110_2024-10-29_B
RH3,8600,Medium,2024-11-06,B,feige110,2221,0.40478515625,177,176,71.41307889865493,70.96601403846398,5.036057289924429,0.0,176,175,True,8137.1416015625,9035.794921875,8208.554680461155,8964.828907836536,8213.59073775108,8964.828907836536,feige110_2024-11-06_B
RH4,9950,Large,2024-12-28,B,feige110,2193,0.4755859375,137,586,64.74123142620738,278.57405103485326,0.0,0.0,136,585,True,9415.169921875,10458.326171875,9479.911153301207,10179.752120840147,9479.911153301207,10179.752120840147,feige110_2024-12-28_B
RH4,9950,Large,2024-12-28,B,feige34,2193,0.4755859375,134,419,63.51551343196297,199.00034320015038,0.0,25.142386656250892,133,418,True,9416.6484375,10459.96875,9480.163950931963,10260.96840679985,9480.163950931963,10235.826020143599,feige34_2024-12-28_B
